Algorithm,Dataset,N,True Positive,True Negative,False Positive,False Negative,Precision,Recall,Specificity,F1-score,Accuracy,Balanced Accuracy,AUC
MLP,Test set,21630,3309,14915,1799,1607,0.6478073610023493,0.6731082180634662,0.8923656814646405,0.6602154828411811,0.8425335182616736,0.7827369497640533,0.8894900768229943
MLP,Entire population,108150,16995,74257,8915,7983,0.6559243535314551,0.6803987509007927,0.8928124849709037,0.6679374312215061,0.8437540453074434,0.7866056179358483,0.8906935183709993
