Algorithm,Dataset,N,True Positive,True Negative,False Positive,False Negative,Precision,Recall,Specificity,F1-score,Accuracy,Balanced Accuracy,AUC
CNN,Test set,21630,4726,5593,11121,190,0.29822679371489874,0.9613506916192026,0.33462965178891946,0.4552328661561431,0.4770688858067499,0.647990171704061,0.7710512863565114
CNN,Entire population,108150,24065,27888,55284,913,0.3032804446180796,0.9634478340940027,0.3353051507718944,0.4613379086909429,0.4803791030975497,0.6493764924329486,0.7733518543978971
