Algorithm,Dataset,N,True Positive,True Negative,False Positive,False Negative,Precision,Recall,Specificity,F1-score,Accuracy,Balanced Accuracy,AUC
Random Forest,Test set,14368,1531,10556,589,1692,0.7221698113207548,0.47502327024511326,0.9471511888739345,0.5730862811154782,0.8412444320712695,0.7110872295595239,0.880395756331337
Random Forest,Entire population,71840,14174,55385,589,1692,0.9601029601029601,0.8933568637337703,0.9894772572980313,0.9255280942897254,0.9682488864142539,0.9414170605159008,0.989389207017389
