Algorithm,Dataset,N,True Positive,True Negative,False Positive,False Negative,Precision,Recall,Specificity,F1-score,Accuracy,Balanced Accuracy,AUC
CatBoost,Test set,21630,4004,13584,3130,912,0.56125595738716,0.8144833197721725,0.8127318415699414,0.6645643153526971,0.8131299121590384,0.813607580671057,0.8853436671098994
CatBoost,Entire population,108150,21520,68371,14801,3458,0.592494700035792,0.8615581711906478,0.8220434761698648,0.7021321718135696,0.831169671752196,0.8418008236802563,0.9149367650910284
