Algorithm,Dataset,N,True Positive,True Negative,False Positive,False Negative,Precision,Recall,Specificity,F1-score,Accuracy,Balanced Accuracy,AUC
LightGBM,Test set,14368,2661,8914,2231,562,0.5439493049877351,0.8256282966180577,0.7998205473306416,0.655822550831793,0.8056096881959911,0.8127244219743497,0.8860083849440715
LightGBM,Entire population,71840,13632,45334,10640,2234,0.5616348055372445,0.8591957645279213,0.8099117447386287,0.6792565648512632,0.8207962138084632,0.8345537546332751,0.9109953687642277
