Algorithm,Dataset,N,True Positive,True Negative,False Positive,False Negative,Precision,Recall,Specificity,F1-score,Accuracy,Balanced Accuracy,AUC
CNN,Test set,21630,4105,12674,4040,811,0.5039901780233272,0.8350284784377543,0.7582864664353237,0.628588928872215,0.7757281553398059,0.796657472436539,0.864518745607065
CNN,Entire population,108150,21013,63083,20089,3965,0.5112403289377646,0.8412603090719833,0.7584643870533353,0.6359866828087167,0.7775866851595007,0.7998623480626593,0.868693557963384
