Algorithm,Dataset,N,True Positive,True Negative,False Positive,False Negative,Precision,Recall,Specificity,F1-score,Accuracy,Balanced Accuracy,AUC
MLP,Test set,14368,1457,10612,533,1766,0.7321608040201005,0.45206329506670806,0.9521758636159713,0.5589871475158258,0.8399916481069042,0.7021195793413397,0.881391237024933
MLP,Entire population,71840,7258,53496,2478,8608,0.745480690221857,0.45745619563847223,0.955729445814128,0.5669869541442075,0.8456848552338531,0.7065928207263001,0.8884052233990201
