Algorithm,Dataset,N,True Positive,True Negative,False Positive,False Negative,Precision,Recall,Specificity,F1-score,Accuracy,Balanced Accuracy,AUC
XGBoost,Test set,14368,2504,9161,1984,719,0.5579322638146168,0.7769159168476575,0.8219829519964109,0.6494618078070289,0.8118736080178174,0.7994494344220342,0.8743640057922623
XGBoost,Entire population,71840,14250,48241,7733,1616,0.648228176318064,0.8981469809655868,0.8618465716225391,0.7529921530291421,0.8698635857461025,0.8799967762940629,0.9466438934472967
