Dataset,Algorithm,N,True Positive,True Negative,False Positive,False Negative,Precision,Recall,Specificity,F1-score,Accuracy,Balanced Accuracy,AUC
Test set,CatBoost,14368,2560,9018,2127,663,0.5461915937700021,0.7942910331988831,0.8091520861372813,0.6472819216182049,0.8058184855233853,0.8017215596680822,0.8756551129047097
Test set,MLP,14368,2178,9793,1352,1045,0.6169971671388101,0.6757679180887372,0.8786899955136833,0.6450466459351399,0.8331709354120267,0.7772289568012103,0.8818609291923365
Test set,CNN,14368,1598,10444,701,1625,0.6950848194867334,0.4958113558796153,0.9371018393898608,0.5787758058674394,0.8381124721603563,0.7164565976347381,0.874595615547572
Entire population,CatBoost,71840,13806,46471,9503,2060,0.5923034021193531,0.8701626118744485,0.830224747204059,0.7048372686662412,0.8390451002227172,0.8501936795392537,0.922317706338518
Entire population,MLP,71840,10926,49697,6277,4940,0.6351217810846945,0.6886423799319299,0.8878586486583057,0.6608001451510478,0.8438613585746102,0.7882505142951177,0.8905522692954395
Entire population,CNN,71840,7859,52832,3142,8007,0.7143896009453686,0.4953359384848103,0.9438667952978168,0.5850299624074143,0.8448079064587973,0.7196013668913135,0.8853733372661167
