Algorithm,Dataset,N,True Positive,True Negative,False Positive,False Negative,Precision,Recall,Specificity,F1-score,Accuracy,Balanced Accuracy,AUC
Logistic Regression,Test set,14368,2663,8874,2271,560,0.5397243615727605,0.8262488364877444,0.7962314939434724,0.6529361284786074,0.8029649220489977,0.8112401652156084,0.8824519593149673
Logistic Regression,Entire population,71840,13192,44823,11151,2674,0.5419217023374276,0.8314635068700366,0.8007825061635759,0.6561715038921635,0.8075584632516704,0.8161230065168062,0.8887513124835908
